true_w_n,sbc_rank,n_posterior_samples
0.749080237694725,9.0,100
0.7568473223435939,,0
0.12069758304122269,4.0,100
1.185535882657538,,0
1.5301795260898226,,0
