true_w_n,posterior_mean,sbc_rank,n_posterior_samples
0.749080237694725,0.7931609572347852,46,150
