{
    "v_norm": {
        "ks_stat": 0.5666666666666667,
        "ks_pval": 0.19674074074074077
    },
    "a_0": {
        "ks_stat": 0.7,
        "ks_pval": 0.05400000000000003
    },
    "w_s_eff": {
        "ks_stat": 0.6,
        "ks_pval": 0.14400000000000004
    },
    "t_0": {
        "ks_stat": 0.85,
        "ks_pval": 0.006750000000000003
    }
}