iteration,true_wn,rank,posterior_mean,n_samples
0,0.8116262258099887,,,0
1,0.5930813295305284,,,0
2,1.9929088032395885,,,0
3,1.1579727451740196,,,0
