{
    "v_norm": {
        "ks_stat": 0.03733333333333333,
        "ks_pval": 0.7827430671216998
    },
    "a_0": {
        "ks_stat": 0.11599999999999999,
        "ks_pval": 0.0005663059706107499
    },
    "w_s_eff": {
        "ks_stat": 0.06866666666666665,
        "ks_pval": 0.1127264368115739
    },
    "t_0": {
        "ks_stat": 0.12133333333333335,
        "ks_pval": 0.00026291424780517026
    }
}