{
    "v_norm": {
        "ks_stat": 0.12533335526784262,
        "ks_pval": 0.00014453388673169552
    },
    "a_0": {
        "ks_stat": 0.032000012397766064,
        "ks_pval": 0.9086207829749713
    },
    "w_s_eff": {
        "ks_stat": 0.07466665188471477,
        "ks_pval": 0.06697273861976838
    },
    "t_0": {
        "ks_stat": 0.05933332641919453,
        "ks_pval": 0.232158287076638
    }
}