true_w_n,sbc_rank,n_posterior_samples
0.2301091327795579,0,100
1.6696842973312989,0,100
1.9780230269512002,75,100
1.5676647016115013,0,100
0.22697694378729905,0,100
