{
  "low": [
    0.10000000149011612,
    0.5,
    0.20000000298023224,
    0.05000000074505806
  ],
  "high": [
    2.0,
    2.5,
    1.5,
    0.699999988079071
  ]
}