{
    "v_norm": {
        "ks_stat": 0.05466666666666664,
        "ks_pval": 0.3197110902659426
    },
    "a_0": {
        "ks_stat": 0.10133333333333339,
        "ks_pval": 0.0039061055928027067
    },
    "w_s_eff": {
        "ks_stat": 0.06933333333333336,
        "ks_pval": 0.10661972481591686
    },
    "t_0": {
        "ks_stat": 0.08133333333333331,
        "ks_pval": 0.0356808907152083
    }
}