true_w_n,posterior_mean,sbc_rank,n_posterior_samples
0.834044009405148,0.8832482722742937,40,150
