true_w_n,posterior_mean,sbc_rank,n_posterior_samples
1.101595805149151,1.2093372124745265,21,150
