mean_rt,accuracy
0.6473282887945133,0.2741196857553646
