mean_rt,accuracy
0.39030040166819635,0.8758900233784815
