mean_rt,accuracy
0.8762262195726565,0.5976344563814924
