mean_rt,accuracy
0.8419356349825526,0.646588070302176
