,count,mean,std,min,25%,50%,75%,max
serotonin_level,500.0,-0.06797196373811132,0.5910324833045656,-0.998359356082585,-0.604983139421721,-0.1271452127317353,0.47380659825448257,0.9967112562870573
salience_lie,500.0,0.5163830745938933,0.2909517165804003,0.005200740338559551,0.2678243391295825,0.5141225541360949,0.7733071820834472,0.9992868828482802
salience_truth,500.0,0.5021841798239577,0.28956110971355054,0.007391781783783413,0.2529268509658483,0.487011365451229,0.7618340772063137,0.9999337023447616
rt,500.0,1.7697600000000016,0.16965939709324715,0.8100000000000005,1.8100000000000014,1.8100000000000014,1.8200000000000014,2.149999999999998
raa_cycles,500.0,0.46,0.5300584155050228,0.0,0.0,0.0,1.0,2.0
threshold,500.0,0.9660140181309443,0.2955162416522828,0.5008203219587075,0.6975084302891394,0.9364273936341323,1.2369032991272413,1.4983556281435286
