{
    "v_norm": {
        "ks_stat": 0.05266666928927105,
        "ks_pval": 0.3634538005352874
    },
    "a_0": {
        "ks_stat": 0.039999986886978145,
        "ks_pval": 0.7076230096414549
    },
    "w_s_eff": {
        "ks_stat": 0.07133334477742515,
        "ks_pval": 0.0899218419750939
    },
    "t_0": {
        "ks_stat": 0.046000018119812025,
        "ks_pval": 0.5341489672748896
    }
}